Ôèðþçà, 676020776, /start
Ôèðþçà, 676020776, ghbdt
Ôèðþçà, 676020776, /start
Ôèðþçà, 676020776, /start
Ôèðþçà, 676020776, hjsgdf
Ôèðþçà, 676020776, /start
Ôèðþçà, 676020776, sjdbf
Ð¤Ð¸Ñ€ÑŽÐ·Ð°, 676020776, /start
Ð¤Ð¸Ñ€ÑŽÐ·Ð°, 676020776, /start
Ð¤Ð¸Ñ€ÑŽÐ·Ð°, 676020776, /start
Ð¤Ð¸Ñ€ÑŽÐ·Ð°, 676020776, /start
Ð¤Ð¸Ñ€ÑŽÐ·Ð°, 676020776, /start
Ð¤Ð¸Ñ€ÑŽÐ·Ð°, 676020776, /start
Ð¤Ð¸Ñ€ÑŽÐ·Ð°, 676020776, /start
Ð¤Ð¸Ñ€ÑŽÐ·Ð°, 676020776, /help
Ð¤Ð¸Ñ€ÑŽÐ·Ð°, 676020776, /many
Ð¤Ð¸Ñ€ÑŽÐ·Ð°, 676020776, /start
Ð¤Ð¸Ñ€ÑŽÐ·Ð°, 676020776, /help
Ð¤Ð¸Ñ€ÑŽÐ·Ð°, 676020776, /many
Ð¤Ð¸Ñ€ÑŽÐ·Ð°, 676020776, /start
Ð¤Ð¸Ñ€ÑŽÐ·Ð°, 676020776, /help
Ð¤Ð¸Ñ€ÑŽÐ·Ð°, 676020776, /many
Ð¤Ð¸Ñ€ÑŽÐ·Ð°, 676020776, /many USD
Ð¤Ð¸Ñ€ÑŽÐ·Ð°, 676020776, /start
Ð¤Ð¸Ñ€ÑŽÐ·Ð°, 676020776, /menu
Ð¤Ð¸Ñ€ÑŽÐ·Ð°, 676020776, /many
Ð¤Ð¸Ñ€ÑŽÐ·Ð°, 676020776, /many USD
Ð¤Ð¸Ñ€ÑŽÐ·Ð°, 676020776, /start
Ð¤Ð¸Ñ€ÑŽÐ·Ð°, 676020776, /menu
Ð¤Ð¸Ñ€ÑŽÐ·Ð°, 676020776, /many
Ð¤Ð¸Ñ€ÑŽÐ·Ð°, 676020776, /many USD
Ð¤Ð¸Ñ€ÑŽÐ·Ð°, 676020776, /start
Ð¤Ð¸Ñ€ÑŽÐ·Ð°, 676020776, /menu
Ð¤Ð¸Ñ€ÑŽÐ·Ð°, 676020776, /many USD
Ð¤Ð¸Ñ€ÑŽÐ·Ð°, 676020776, /start
Ð¤Ð¸Ñ€ÑŽÐ·Ð°, 676020776, /menu
Ð¤Ð¸Ñ€ÑŽÐ·Ð°, 676020776, /many USD
Ð¤Ð¸Ñ€ÑŽÐ·Ð°, 676020776, /start
Ð¤Ð¸Ñ€ÑŽÐ·Ð°, 676020776, /menu
Ð¤Ð¸Ñ€ÑŽÐ·Ð°, 676020776, /many USD
Ð¤Ð¸Ñ€ÑŽÐ·Ð°, 676020776, /start
Ð¤Ð¸Ñ€ÑŽÐ·Ð°, 676020776, /menu
Ð¤Ð¸Ñ€ÑŽÐ·Ð°, 676020776, /many USD
Ð¤Ð¸Ñ€ÑŽÐ·Ð°, 676020776, /start
Ð¤Ð¸Ñ€ÑŽÐ·Ð°, 676020776, /menu
Ð¤Ð¸Ñ€ÑŽÐ·Ð°, 676020776, /many USD
Ð¤Ð¸Ñ€ÑŽÐ·Ð°, 676020776, /start
Ð¤Ð¸Ñ€ÑŽÐ·Ð°, 676020776, /menu
Ð¤Ð¸Ñ€ÑŽÐ·Ð°, 676020776, /many USD
Ð¤Ð¸Ñ€ÑŽÐ·Ð°, 676020776, /start
Ð¤Ð¸Ñ€ÑŽÐ·Ð°, 676020776, /menu
Ð¤Ð¸Ñ€ÑŽÐ·Ð°, 676020776, /many USD
Ð¤Ð¸Ñ€ÑŽÐ·Ð°, 676020776, /start
Ð¤Ð¸Ñ€ÑŽÐ·Ð°, 676020776, /menu
Ð¤Ð¸Ñ€ÑŽÐ·Ð°, 676020776, /many USD
Ð¤Ð¸Ñ€ÑŽÐ·Ð°, 676020776, /start
Ð¤Ð¸Ñ€ÑŽÐ·Ð°, 676020776, /menu
Ð¤Ð¸Ñ€ÑŽÐ·Ð°, 676020776, /many USD
Ð¤Ð¸Ñ€ÑŽÐ·Ð°, 676020776, /start
Ð¤Ð¸Ñ€ÑŽÐ·Ð°, 676020776, /menu
Ð¤Ð¸Ñ€ÑŽÐ·Ð°, 676020776, /many USD
Ð¤Ð¸Ñ€ÑŽÐ·Ð°, 676020776, /start
Ð¤Ð¸Ñ€ÑŽÐ·Ð°, 676020776, /menu
Ð¤Ð¸Ñ€ÑŽÐ·Ð°, 676020776, /many USD
Ð¤Ð¸Ñ€ÑŽÐ·Ð°, 676020776, /start
Ð¤Ð¸Ñ€ÑŽÐ·Ð°, 676020776, /menu
Ð¤Ð¸Ñ€ÑŽÐ·Ð°, 676020776, /many USD
Ð¤Ð¸Ñ€ÑŽÐ·Ð°, 676020776, /start
Ð¤Ð¸Ñ€ÑŽÐ·Ð°, 676020776, /menu
Ð¤Ð¸Ñ€ÑŽÐ·Ð°, 676020776, /many USD
Ð¤Ð¸Ñ€ÑŽÐ·Ð°, 676020776, /start
Ð¤Ð¸Ñ€ÑŽÐ·Ð°, 676020776, /menu
Ð¤Ð¸Ñ€ÑŽÐ·Ð°, 676020776, /many USD
Ð¤Ð¸Ñ€ÑŽÐ·Ð°, 676020776, /start
Ð¤Ð¸Ñ€ÑŽÐ·Ð°, 676020776, /menu
Ð¤Ð¸Ñ€ÑŽÐ·Ð°, 676020776, /many USD
Ð¤Ð¸Ñ€ÑŽÐ·Ð°, 676020776, /start
Ð¤Ð¸Ñ€ÑŽÐ·Ð°, 676020776, /menu
Ð¤Ð¸Ñ€ÑŽÐ·Ð°, 676020776, /many USD
Ð¤Ð¸Ñ€ÑŽÐ·Ð°, 676020776, /start
Ð¤Ð¸Ñ€ÑŽÐ·Ð°, 676020776, /menu
Ð¤Ð¸Ñ€ÑŽÐ·Ð°, 676020776, /many USD
Ð¤Ð¸Ñ€ÑŽÐ·Ð°, 676020776, /start
Ð¤Ð¸Ñ€ÑŽÐ·Ð°, 676020776, /menu
Ð¤Ð¸Ñ€ÑŽÐ·Ð°, 676020776, /start
Ð¤Ð¸Ñ€ÑŽÐ·Ð°, 676020776, /menu
Ð¤Ð¸Ñ€ÑŽÐ·Ð°, 676020776, /start
Ð¤Ð¸Ñ€ÑŽÐ·Ð°, 676020776, /menu
Ð¤Ð¸Ñ€ÑŽÐ·Ð°, 676020776, /start
Ð¤Ð¸Ñ€ÑŽÐ·Ð°, 676020776, /menu
Ð¤Ð¸Ñ€ÑŽÐ·Ð°, 676020776, /start
Ð¤Ð¸Ñ€ÑŽÐ·Ð°, 676020776, /menu
Ð¤Ð¸Ñ€ÑŽÐ·Ð°, 676020776, /start
Ð¤Ð¸Ñ€ÑŽÐ·Ð°, 676020776, /menu
Ð¤Ð¸Ñ€ÑŽÐ·Ð°, 676020776, /many
Ð¤Ð¸Ñ€ÑŽÐ·Ð°, 676020776, /many USD
Ð¤Ð¸Ñ€ÑŽÐ·Ð°, 676020776, /start
Ð¤Ð¸Ñ€ÑŽÐ·Ð°, 676020776, /menu
Ð¤Ð¸Ñ€ÑŽÐ·Ð°, 676020776, /start
Ð¤Ð¸Ñ€ÑŽÐ·Ð°, 676020776, /menu
Ð¤Ð¸Ñ€ÑŽÐ·Ð°, 676020776, /money
Ð¤Ð¸Ñ€ÑŽÐ·Ð°, 676020776, /money USD
Ð¤Ð¸Ñ€ÑŽÐ·Ð°, 676020776, /start
Ð¤Ð¸Ñ€ÑŽÐ·Ð°, 676020776, /menu
Ð¤Ð¸Ñ€ÑŽÐ·Ð°, 676020776, /calc_r
Ð¤Ð¸Ñ€ÑŽÐ·Ð°, 676020776, /start
Ð¤Ð¸Ñ€ÑŽÐ·Ð°, 676020776, /menu
Ð¤Ð¸Ñ€ÑŽÐ·Ð°, 676020776, /calc_r
Ð¤Ð¸Ñ€ÑŽÐ·Ð°, 676020776, /calc_r
Ð¤Ð¸Ñ€ÑŽÐ·Ð°, 676020776, /calc_r
Ð¤Ð¸Ñ€ÑŽÐ·Ð°, 676020776, /calc_r
Ð¤Ð¸Ñ€ÑŽÐ·Ð°, 676020776, /calc_r
Ð¤Ð¸Ñ€ÑŽÐ·Ð°, 676020776, /start
Ð¤Ð¸Ñ€ÑŽÐ·Ð°, 676020776, /calc_r
Ð¤Ð¸Ñ€ÑŽÐ·Ð°, 676020776, /calc_r
Ð¤Ð¸Ñ€ÑŽÐ·Ð°, 676020776, /calc_r
Ð¤Ð¸Ñ€ÑŽÐ·Ð°, 676020776, /calc_r
Ð¤Ð¸Ñ€ÑŽÐ·Ð°, 676020776, /calc_r
Ð¤Ð¸Ñ€ÑŽÐ·Ð°, 676020776, /calc_r
Ð¤Ð¸Ñ€ÑŽÐ·Ð°, 676020776, /calc_r
Ð¤Ð¸Ñ€ÑŽÐ·Ð°, 676020776, /Sub 4 -2
Ð¤Ð¸Ñ€ÑŽÐ·Ð°, 676020776, /Sub 4 - 2
Ð¤Ð¸Ñ€ÑŽÐ·Ð°, 676020776, /Div 4 / 2
Ð¤Ð¸Ñ€ÑŽÐ·Ð°, 676020776, /start
Ð¤Ð¸Ñ€ÑŽÐ·Ð°, 676020776, /start
Ð¤Ð¸Ñ€ÑŽÐ·Ð°, 676020776, /menu
Ð¤Ð¸Ñ€ÑŽÐ·Ð°, 676020776, /menu
Ð¤Ð¸Ñ€ÑŽÐ·Ð°, 676020776, /calc_c
Ð¤Ð¸Ñ€ÑŽÐ·Ð°, 676020776, /calc_c
Ð¤Ð¸Ñ€ÑŽÐ·Ð°, 676020776, /calc_c
Ð¤Ð¸Ñ€ÑŽÐ·Ð°, 676020776, /calc_c
Ð¤Ð¸Ñ€ÑŽÐ·Ð°, 676020776, /Summa (2 + 2j) + (2 + 2j)
Ð¤Ð¸Ñ€ÑŽÐ·Ð°, 676020776, /calc_c
Ð¤Ð¸Ñ€ÑŽÐ·Ð°, 676020776, /SummaC (2 + 2j) + (1 + 1j)
Ð¤Ð¸Ñ€ÑŽÐ·Ð°, 676020776, /calc_c
Ð¤Ð¸Ñ€ÑŽÐ·Ð°, 676020776, /SummaC (2+2) + (2+2)
Ð¤Ð¸Ñ€ÑŽÐ·Ð°, 676020776, /SummaC
Ð¤Ð¸Ñ€ÑŽÐ·Ð°, 676020776, /SummaC 2+2j + 1+2j
Ð¤Ð¸Ñ€ÑŽÐ·Ð°, 676020776, /calc_c
Ð¤Ð¸Ñ€ÑŽÐ·Ð°, 676020776, /SummaC 2+2j + 2+2j
Ð¤Ð¸Ñ€ÑŽÐ·Ð°, 676020776, /calc_c
Ð¤Ð¸Ñ€ÑŽÐ·Ð°, 676020776, /SummaC (2 + 2j) + (2 + 2j)
Ð¤Ð¸Ñ€ÑŽÐ·Ð°, 676020776, /Summa 1+1 + 1+1
Ð¤Ð¸Ñ€ÑŽÐ·Ð°, 676020776, /Summa 1,1 2,2
Ð¤Ð¸Ñ€ÑŽÐ·Ð°, 676020776, /Summa 1, 2 + 1, 2
Ð¤Ð¸Ñ€ÑŽÐ·Ð°, 676020776, /calc_c
Ð¤Ð¸Ñ€ÑŽÐ·Ð°, 676020776, /Summa (2+2) + (2+2)
Ð¤Ð¸Ñ€ÑŽÐ·Ð°, 676020776, /SummaC 2+2j + 2+2j
Ð¤Ð¸Ñ€ÑŽÐ·Ð°, 676020776, /SummaC 2 + 2
Ð¤Ð¸Ñ€ÑŽÐ·Ð°, 676020776, /SummaC 2 + 2
Ð¤Ð¸Ñ€ÑŽÐ·Ð°, 676020776, /SummaC 2 + 2
Ð¤Ð¸Ñ€ÑŽÐ·Ð°, 676020776, /SummaC 2+1 + 2+1
Ð¤Ð¸Ñ€ÑŽÐ·Ð°, 676020776, /SummaC 2, 1 + 2, 6
Ð¤Ð¸Ñ€ÑŽÐ·Ð°, 676020776, /SummaC 22 + 23
Ð¤Ð¸Ñ€ÑŽÐ·Ð°, 676020776, /SummaC (2, 4) + (2, 3)
Ð¤Ð¸Ñ€ÑŽÐ·Ð°, 676020776, /SummaC (2,4) + (2,3)
Ð¤Ð¸Ñ€ÑŽÐ·Ð°, 676020776, /SummaC 2, 4 + 2, 3
Ð¤Ð¸Ñ€ÑŽÐ·Ð°, 676020776, /start
Ð¤Ð¸Ñ€ÑŽÐ·Ð°, 676020776, /menu
Ð¤Ð¸Ñ€ÑŽÐ·Ð°, 676020776, /calc_r
Ð¤Ð¸Ñ€ÑŽÐ·Ð°, 676020776, /calc_r
Ð¤Ð¸Ñ€ÑŽÐ·Ð°, 676020776, /calc_c
Ð¤Ð¸Ñ€ÑŽÐ·Ð°, 676020776, /Summa 2+2 + 2+2
Ð¤Ð¸Ñ€ÑŽÐ·Ð°, 676020776, /SummaC 2+2 +2+2
Ð¤Ð¸Ñ€ÑŽÐ·Ð°, 676020776, /SummaC 2, +2 + 2, +2
Ð¤Ð¸Ñ€ÑŽÐ·Ð°, 676020776, /calc_r
Ð¤Ð¸Ñ€ÑŽÐ·Ð°, 676020776, /Summa 1 + 1
Ð¤Ð¸Ñ€ÑŽÐ·Ð°, 676020776, /calc_c
Ð¤Ð¸Ñ€ÑŽÐ·Ð°, 676020776, /calc_c
Ð¤Ð¸Ñ€ÑŽÐ·Ð°, 676020776, /calc_c
Ð¤Ð¸Ñ€ÑŽÐ·Ð°, 676020776, /calc_r
Ð¤Ð¸Ñ€ÑŽÐ·Ð°, 676020776, /start
Ð¤Ð¸Ñ€ÑŽÐ·Ð°, 676020776, /menu
Ð¤Ð¸Ñ€ÑŽÐ·Ð°, 676020776, /calc_r
Ð¤Ð¸Ñ€ÑŽÐ·Ð°, 676020776, /calc_c
Ð¤Ð¸Ñ€ÑŽÐ·Ð°, 676020776, /start
Ð¤Ð¸Ñ€ÑŽÐ·Ð°, 676020776, /menu
Ð¤Ð¸Ñ€ÑŽÐ·Ð°, 676020776, /calc_r
Ð¤Ð¸Ñ€ÑŽÐ·Ð°, 676020776, /calc_c
Ð¤Ð¸Ñ€ÑŽÐ·Ð°, 676020776, /Summa (2+2) + (1+1)
Ð¤Ð¸Ñ€ÑŽÐ·Ð°, 676020776, /SummaC (2+2) + (1+1)
Ð¤Ð¸Ñ€ÑŽÐ·Ð°, 676020776, /SummaC (2, 2) + (1, 1)
Ð¤Ð¸Ñ€ÑŽÐ·Ð°, 676020776, /SummaC (2, 2)  (1, 1)
Ð¤Ð¸Ñ€ÑŽÐ·Ð°, 676020776, /calc_c
Ð¤Ð¸Ñ€ÑŽÐ·Ð°, 676020776, /calc_c
Ð¤Ð¸Ñ€ÑŽÐ·Ð°, 676020776, /calc_c
Ð¤Ð¸Ñ€ÑŽÐ·Ð°, 676020776, /calc_r
Ð¤Ð¸Ñ€ÑŽÐ·Ð°, 676020776, /start
Ð¤Ð¸Ñ€ÑŽÐ·Ð°, 676020776, /menu
Ð¤Ð¸Ñ€ÑŽÐ·Ð°, 676020776, /calc_r
Ð¤Ð¸Ñ€ÑŽÐ·Ð°, 676020776, /calc_r
Ð¤Ð¸Ñ€ÑŽÐ·Ð°, 676020776, /calc_r
Ð¤Ð¸Ñ€ÑŽÐ·Ð°, 676020776, /calc_r
Ð¤Ð¸Ñ€ÑŽÐ·Ð°, 676020776, /calc_c
Ð¤Ð¸Ñ€ÑŽÐ·Ð°, 676020776, /calc_c
Ð¤Ð¸Ñ€ÑŽÐ·Ð°, 676020776, /calc_c
Ð¤Ð¸Ñ€ÑŽÐ·Ð°, 676020776, /start
Ð¤Ð¸Ñ€ÑŽÐ·Ð°, 676020776, /menu
Ð¤Ð¸Ñ€ÑŽÐ·Ð°, 676020776, /calc_r
Ð¤Ð¸Ñ€ÑŽÐ·Ð°, 676020776, /start
Ð¤Ð¸Ñ€ÑŽÐ·Ð°, 676020776, /menu
Ð¤Ð¸Ñ€ÑŽÐ·Ð°, 676020776, /calc_r
Ð¤Ð¸Ñ€ÑŽÐ·Ð°, 676020776, /calc_c
Ð¤Ð¸Ñ€ÑŽÐ·Ð°, 676020776, /calc_c
Ð¤Ð¸Ñ€ÑŽÐ·Ð°, 676020776, /calc_c
Ð¤Ð¸Ñ€ÑŽÐ·Ð°, 676020776, /calc_c
Ð¤Ð¸Ñ€ÑŽÐ·Ð°, 676020776, /Summa 4 / 2
Ð¤Ð¸Ñ€ÑŽÐ·Ð°, 676020776, /DivC 4 2
Ð¤Ð¸Ñ€ÑŽÐ·Ð°, 676020776, /DivC
Ð¤Ð¸Ñ€ÑŽÐ·Ð°, 676020776, /DivC 4 + 2
Ð¤Ð¸Ñ€ÑŽÐ·Ð°, 676020776, /calc_c
Ð¤Ð¸Ñ€ÑŽÐ·Ð°, 676020776, /Summa (2+2) (3+3)
Ð¤Ð¸Ñ€ÑŽÐ·Ð°, 676020776, /calc_c
Ð¤Ð¸Ñ€ÑŽÐ·Ð°, 676020776, /SummaC (2+2) (3+2)
Ð¤Ð¸Ñ€ÑŽÐ·Ð°, 676020776, /SummaC 2 2 2 2
Ð¤Ð¸Ñ€ÑŽÐ·Ð°, 676020776, /SummaC 1 2 3 4
Ð¤Ð¸Ñ€ÑŽÐ·Ð°, 676020776, /SummaC 1,2 3,4
Ð¤Ð¸Ñ€ÑŽÐ·Ð°, 676020776, /SummaC 1, 2 3, 4
Ð¤Ð¸Ñ€ÑŽÐ·Ð°, 676020776, /SummaC 1 2 3 4
Ð¤Ð¸Ñ€ÑŽÐ·Ð°, 676020776, /SummaC 1 2 3 4
Ð¤Ð¸Ñ€ÑŽÐ·Ð°, 676020776, /SummaC 1 2 3 4
Ð¤Ð¸Ñ€ÑŽÐ·Ð°, 676020776, /SummaC 1 2 3 4
Ð¤Ð¸Ñ€ÑŽÐ·Ð°, 676020776, /SummaC 1 2 3 4
Ð¤Ð¸Ñ€ÑŽÐ·Ð°, 676020776, /SummaC '1+2j' + '1+2j'
Ð¤Ð¸Ñ€ÑŽÐ·Ð°, 676020776, /SummaC '1+2j' + '1+2j'
Ð¤Ð¸Ñ€ÑŽÐ·Ð°, 676020776, /SummaC (1+2j) + (1+2j)
Ð¤Ð¸Ñ€ÑŽÐ·Ð°, 676020776, /calc_c
Ð¤Ð¸Ñ€ÑŽÐ·Ð°, 676020776, /calc_c
Ð¤Ð¸Ñ€ÑŽÐ·Ð°, 676020776, /SubC (1+2j) - (1+2j)
Ð¤Ð¸Ñ€ÑŽÐ·Ð°, 676020776, /calc_c
Ð¤Ð¸Ñ€ÑŽÐ·Ð°, 676020776, /SubC (1+2j) + (1+2j)
Ð¤Ð¸Ñ€ÑŽÐ·Ð°, 676020776, /SummaC (1+2j) + (1+2j)
Ð¤Ð¸Ñ€ÑŽÐ·Ð°, 676020776, /calc_c
Ð¤Ð¸Ñ€ÑŽÐ·Ð°, 676020776, /SubC (2+2j) - (1+2j)
Ð¤Ð¸Ñ€ÑŽÐ·Ð°, 676020776, /calc_c
Ð¤Ð¸Ñ€ÑŽÐ·Ð°, 676020776, /MultiC (1+2j) * (1+2j)
Ð¤Ð¸Ñ€ÑŽÐ·Ð°, 676020776, /calc_c
Ð¤Ð¸Ñ€ÑŽÐ·Ð°, 676020776, /DivC (1+4j) / (1+2j)
Ð¤Ð¸Ñ€ÑŽÐ·Ð°, 676020776, /start
Ð¤Ð¸Ñ€ÑŽÐ·Ð°, 676020776, /menu
Ð¤Ð¸Ñ€ÑŽÐ·Ð°, 676020776, /calc_r
Ð¤Ð¸Ñ€ÑŽÐ·Ð°, 676020776, /menu
Ð¤Ð¸Ñ€ÑŽÐ·Ð°, 676020776, /calc_r
Ð¤Ð¸Ñ€ÑŽÐ·Ð°, 676020776, /menu
Ð¤Ð¸Ñ€ÑŽÐ·Ð°, 676020776, /calc_c
Ð¤Ð¸Ñ€ÑŽÐ·Ð°, 676020776, /menu
Ð¤Ð¸Ñ€ÑŽÐ·Ð°, 676020776, /money
Ð¤Ð¸Ñ€ÑŽÐ·Ð°, 676020776, /calc_r
Ð¤Ð¸Ñ€ÑŽÐ·Ð°, 676020776, /calc_c
Ð¤Ð¸Ñ€ÑŽÐ·Ð°, 676020776, /start
Ð¤Ð¸Ñ€ÑŽÐ·Ð°, 676020776, /menu
Ð¤Ð¸Ñ€ÑŽÐ·Ð°, 676020776, /calc_c
Ð¤Ð¸Ñ€ÑŽÐ·Ð°, 676020776, /calc_c
